{
  "actual_fees": {
    "total_buy_amount": 2172989.0576230003,
    "total_sell_amount": 1650715.578956,
    "total_fees": 3819.7799999999997,
    "eff_buy_rate": 0.0998831472096834,
    "eff_sell_rate": 0.09988945428112989,
    "eff_tax_rate": 5.3916011416266095e-05,
    "zero_fee_buys": 47,
    "zero_fee_sells": 25,
    "buy_count": 580,
    "sell_count": 373
  },
  "fee_scenarios": {
    "std": {
      "label": "표준(0.25%+FX)",
      "rt": 0.7027799999999998,
      "buy": 0.35,
      "sell": 0.35278
    },
    "actual": {
      "label": "실제(0.10%)",
      "rt": 0.19982021043078307,
      "buy": 0.0998831472096834,
      "sell": 0.09993706322109967
    }
  },
  "gap_results": {
    "coin": {
      "count": 714,
      "gross": {
        "mean": -0.0947249299719888,
        "wr": 37.95518207282913,
        "cum": -67.6336
      },
      "std": {
        "mean": -0.7943903929885789,
        "wr": 34.73389355742297,
        "cum": -567.1947405938454,
        "fee": 1003.5698399999998
      },
      "actual": {
        "mean": -0.294156662157728,
        "wr": 37.53501400560224,
        "cum": -210.02785678061778,
        "fee": 285.34326049515823
      }
    },
    "bank": {
      "count": 713,
      "gross": {
        "mean": -0.10920350631136043,
        "wr": 39.691444600280505,
        "cum": -77.86209999999998
      },
      "std": {
        "mean": -0.8087675716809167,
        "wr": 31.276297335203367,
        "cum": -576.6512786084936,
        "fee": 1002.1642799999998
      },
      "actual": {
        "mean": -0.308606336243871,
        "wr": 37.02664796633941,
        "cum": -220.03631774188003,
        "fee": 284.9436200742967
      }
    },
    "semi": {
      "count": 500,
      "gross": {
        "mean": -0.08037039999999998,
        "wr": 41.0,
        "cum": -40.18519999999999
      },
      "std": {
        "mean": -0.7801363919311256,
        "wr": 32.2,
        "cum": -390.0681959655628,
        "fee": 702.7799999999999
      },
      "actual": {
        "mean": -0.27983078681658746,
        "wr": 39.6,
        "cum": -139.91539340829374,
        "fee": 199.82021043078308
      }
    },
    "전체": {
      "count": 1927,
      "gross": {
        "mean": -0.09635749870264661,
        "wr": 39.3876491956409,
        "cum": -185.6809
      },
      "std": {
        "mean": -0.7960115283694353,
        "wr": 32.79709392838609,
        "cum": -1533.9142151679018,
        "fee": 2708.5141199999994
      },
      "actual": {
        "mean": -0.29578597194125145,
        "wr": 37.88271925272444,
        "cum": -569.9795679307915,
        "fee": 770.107091000238
      }
    }
  },
  "exit_results": {
    "stop_loss": {
      "count": 735,
      "gross_mean": -3.0,
      "std_mean": -3.6793189835575566,
      "actual_mean": -3.193632198184304,
      "std_wr": 0.0,
      "actual_wr": 0.0
    },
    "eod_close": {
      "count": 631,
      "gross_mean": 2.228953724247227,
      "std_mean": 1.5130148692564254,
      "actual_mean": 2.024883445611074,
      "std_wr": 54.99207606973059,
      "actual_wr": 64.34231378763867
    },
    "converge": {
      "count": 561,
      "gross_mean": 1.0924229946524064,
      "std_mean": 0.3844435922390325,
      "actual_mean": 0.8906214680108454,
      "std_wr": 50.80213903743316,
      "actual_wr": 57.75401069518716
    }
  },
  "hold_results": {
    "30min": {
      "gross_mean": -0.0843995027733051,
      "std_mean": -0.7841372777353528,
      "actual_mean": -0.28385184666177565,
      "gross_wr": 47.55700325732899,
      "std_wr": 39.43487783719386,
      "actual_wr": 46.1456372231751
    },
    "1h": {
      "gross_mean": -0.1516127547484165,
      "std_mean": -0.8508798159165165,
      "actual_mean": -0.35093092699022277,
      "gross_wr": 48.50914557754948,
      "std_wr": 40.560470059707995,
      "actual_wr": 46.08661885133413
    },
    "2h": {
      "gross_mean": -0.2107735324046287,
      "std_mean": -0.909626273579478,
      "actual_mean": -0.40997360741525934,
      "gross_wr": 47.88273615635179,
      "std_wr": 41.097203089537224,
      "actual_wr": 45.971725248072154
    },
    "3h": {
      "gross_mean": -0.1750890455135502,
      "std_mean": -0.8741916954447371,
      "actual_mean": -0.37436035419055047,
      "gross_wr": 48.03307441743924,
      "std_wr": 42.249405051495195,
      "actual_wr": 46.67273077634492
    },
    "5h": {
      "gross_mean": -0.1058283213921445,
      "std_mean": -0.805416024155392,
      "actual_mean": -0.305237888896559,
      "gross_wr": 48.08318717113506,
      "std_wr": 44.072473035130706,
      "actual_wr": 47.752310508522605
    },
    "close": {
      "gross_mean": -0.190422587423348,
      "std_mean": -0.8894178521369533,
      "actual_mean": -0.3896632871578154,
      "gross_wr": 47.782510648960155,
      "std_wr": 43.921963479805676,
      "actual_wr": 47.33610714633543
    }
  },
  "actual_results": {
    "30min": {
      "count": 438,
      "gross_mean": 0.8705182845712488,
      "gross_median": 0.20360172670723645,
      "std_mean": 0.16409294485992593,
      "std_median": -0.49815300395041895,
      "actual_mean": 0.6691597259379417,
      "actual_median": 0.003574472394590744,
      "std_wr": 47.71689497716895,
      "actual_wr": 50.0
    },
    "1h": {
      "count": 438,
      "gross_mean": 0.9490322285645924,
      "gross_median": 0.5417501281717696,
      "std_mean": 0.24205703305297413,
      "std_median": -0.1623727532938657,
      "actual_mean": 0.7475169397502163,
      "actual_median": 0.3410478592376087,
      "std_wr": 48.858447488584474,
      "actual_wr": 50.68493150684932
    },
    "2h": {
      "count": 438,
      "gross_mean": 1.3183531416046972,
      "gross_median": 0.5045807778589761,
      "std_mean": 0.6087914851935645,
      "std_median": -0.19928179592342832,
      "actual_mean": 1.1161006113446799,
      "actual_median": 0.3039527066877712,
      "std_wr": 49.31506849315068,
      "actual_wr": 50.68493150684932
    },
    "3h": {
      "count": 438,
      "gross_mean": 1.283007012616562,
      "gross_median": 0.46787735122991725,
      "std_mean": 0.5736928953437485,
      "std_median": -0.23572817786722267,
      "actual_mean": 1.080825040590084,
      "actual_median": 0.26732254774096686,
      "std_wr": 49.08675799086758,
      "actual_wr": 50.2283105022831
    },
    "5h": {
      "count": 438,
      "gross_mean": 1.5103219334821205,
      "gross_median": -0.0416748577223958,
      "std_mean": 0.7994158642403385,
      "std_median": -0.7417118456993776,
      "actual_mean": 1.3076861935401014,
      "actual_median": -0.24121248889889535,
      "std_wr": 48.17351598173516,
      "actual_wr": 49.77168949771689
    },
    "close": {
      "count": 438,
      "gross_mean": 1.361279546423688,
      "gross_median": 0.12324442725915041,
      "std_mean": 0.6514172640157565,
      "std_median": -0.577947538048168,
      "actual_mean": 1.1589413261211408,
      "actual_median": -0.07662241715109541,
      "std_wr": 47.94520547945205,
      "actual_wr": 50.0
    }
  },
  "ticker_results": {
    "AMDL": {
      "count": 46,
      "gross_mean": -4.6052769563362705,
      "std_mean": -5.273353722261794,
      "std_wr": 23.91304347826087,
      "actual_mean": -4.79570468745098,
      "actual_wr": 23.91304347826087
    },
    "CONL": {
      "count": 148,
      "gross_mean": 6.858966621226646,
      "std_mean": 6.110602450204565,
      "std_wr": 47.97297297297297,
      "actual_mean": 6.645653872746537,
      "actual_wr": 52.02702702702703
    },
    "MSTU": {
      "count": 135,
      "gross_mean": -2.4631957141112326,
      "std_mean": -3.1462740929456827,
      "std_wr": 48.888888888888886,
      "actual_mean": -2.6578994854282243,
      "actual_wr": 48.888888888888886
    },
    "NVDL": {
      "count": 30,
      "gross_mean": 2.807337853176444,
      "std_mean": 2.0873484072725517,
      "std_wr": 63.33333333333333,
      "actual_mean": 2.6021129993827716,
      "actual_wr": 70.0
    },
    "ROBN": {
      "count": 70,